Genome	cluster_1	cluster_2	cluster_3	cluster_4	cluster_5	cluster_6	cluster_7	cluster_8	cluster_9	cluster_10
13609.assembled	0	0	0	0	0	0	0	0	0	0
2513237066	0	0	0	0	0	0	0	0	0	0
73669.assembled	0	0	0	0	0	0	0	0	0	0
GB.GCA.000015805.1.protein	0	0	0	0	0	0	0	0	0	0
GB.GCA.000200715.1.protein	0	0	0	0	0	0	0	0	0	0
GB.GCA.000204585.1.protein	0	0	0	0	0	0	0	0	0	0
GB.GCA.000252485.1.protein	0	0	0	0	0	0	0	0	0	0
GB.GCA.000270325.1.protein	0	0	0	0	0	0	0	0	0	0
GB.GCA.000276965.1.protein	0	0	1	0	0	0	1	0	0	0
GB.GCA.000299365.1.protein	0	0	0	0	0	0	0	0	0	0
GB.GCA.000494145.1.protein	0	0	0	0	0	0	0	0	0	0
GB.GCA.000531125.1.protein	1	0	1	1	0	1	1	0	0	0
GB.GCA.000708525.1.protein	0	0	0	0	0	0	0	0	0	0
GB.GCA.000802205.2.protein	0	0	0	0	0	0	0	0	0	0
GB.GCA.000961655.1.protein	1	0	1	1	1	1	1	1	1	0
GB.GCA.001007665.1.protein	0	0	0	0	0	0	0	0	0	0
GB.GCA.001189155.1.protein	0	0	0	0	0	0	0	0	0	0
GB.GCA.001316325.1.protein	0	0	0	0	0	0	0	0	0	0
GB.GCA.001438605.1.protein	1	0	1	1	0	1	1	0	0	0
GB.GCA.001443005.1.protein	1	1	0	0	0	1	0	0	0	1
GB.GCA.001443365.1.protein	0	0	0	0	0	0	0	0	0	0
GB.GCA.001464385.1.protein	1	0	0	0	0	1	0	0	0	0
GB.GCA.001469005.2.protein	1	1	0	1	0	0	1	0	0	0
GB.GCA.001508935.1.protein	1	1	0	0	0	1	0	0	0	0
GB.GCA.001509335.1.protein	1	1	1	0	1	1	0	0	1	0
GB.GCA.001567485.1.protein	1	1	0	1	0	1	0	0	0	0
GB.GCA.001577055.1.protein	1	1	1	1	1	1	0	0	0	0
GB.GCA.001587575.1.protein	0	0	0	0	0	0	0	0	0	0
GB.GCA.001595385.3.protein	0	1	0	0	1	1	1	1	0	0
GB.GCA.001627235.1.protein	0	0	0	0	0	0	0	0	0	0
GB.GCA.001627865.1.protein	1	1	0	1	0	1	1	0	0	0
GB.GCA.001766815.1.protein	0	0	0	1	0	0	0	0	0	0
GB.GCA.001767495.1.protein	0	1	0	1	1	1	1	0	1	1
GB.GCA.001767835.1.protein	1	0	1	1	0	1	1	1	0	0
GB.GCA.001769385.1.protein	1	1	1	0	1	1	0	0	0	0
GB.GCA.001769805.1.protein	0	1	0	1	0	0	1	0	0	0
GB.GCA.001771535.1.protein	0	0	0	0	0	1	0	0	0	0
GB.GCA.001771545.1.protein	0	0	0	0	0	1	0	0	0	0
GB.GCA.001771575.1.protein	0	0	0	0	0	1	0	0	0	0
GB.GCA.001771585.1.protein	0	0	0	0	0	1	0	0	0	0
GB.GCA.001796335.1.protein	1	1	0	0	0	1	0	0	0	0
GB.GCA.001797335.1.protein	0	1	0	1	1	1	1	0	1	1
GB.GCA.001797495.1.protein	1	0	0	1	1	1	1	1	1	1
GB.GCA.001799575.1.protein	0	0	0	1	1	1	1	0	0	0
GB.GCA.001800075.1.protein	0	0	0	0	1	1	1	0	1	0
GB.GCA.001800095.1.protein	0	0	0	1	1	1	1	0	0	0
GB.GCA.001800135.1.protein	0	0	0	1	1	1	1	0	1	0
GB.GCA.001800285.1.protein	0	0	0	0	1	1	1	0	1	0
GB.GCA.001800315.1.protein	0	0	0	1	1	1	1	0	1	0
GB.GCA.001803165.1.protein	1	1	0	1	1	1	0	0	0	0
GB.GCA.001803315.1.protein	0	1	0	1	0	1	1	0	0	0
GB.GCA.001803565.1.protein	1	1	0	1	1	1	1	1	0	1
GB.GCA.001803635.1.protein	0	1	0	0	0	1	1	1	0	0
GB.GCA.001804165.1.protein	0	0	0	1	1	1	1	0	0	0
GB.GCA.001804285.1.protein	0	1	0	1	1	0	1	0	0	0
GB.GCA.001804915.1.protein	0	0	0	1	1	1	1	1	0	1
GB.GCA.001805205.1.protein	1	1	0	1	1	1	1	1	1	0
GB.GCA.001818315.1.protein	0	0	0	0	0	0	0	0	0	0
GB.GCA.001829125.1.protein	0	1	0	1	0	1	0	0	0	0
GB.GCA.001829155.1.protein	0	1	0	0	0	1	0	0	0	0
GB.GCA.001829185.1.protein	1	1	1	0	0	0	0	0	0	0
GB.GCA.001871125.1.protein	0	0	0	1	1	1	1	0	1	0
GB.GCA.001871685.1.protein	0	1	0	0	0	1	1	1	0	0
GB.GCA.001872605.1.protein	0	1	0	0	0	0	0	0	1	1
GB.GCA.001872735.1.protein	0	0	0	0	0	0	1	0	0	1
GB.GCA.001874005.1.protein	0	0	1	1	1	1	1	1	0	0
GB.GCA.001897535.1.protein	0	0	1	0	1	1	0	0	0	0
GB.GCA.001898225.1.protein	0	1	0	0	0	1	0	0	0	0
GB.GCA.001899175.1.protein	0	1	0	0	1	1	0	0	0	0
GB.GCA.001899315.1.protein	0	0	0	1	0	1	0	0	0	0
GB.GCA.001907975.2.protein	0	0	0	0	0	1	0	0	0	0
GB.GCA.001914695.1.protein	0	0	1	1	0	1	0	0	0	0
GB.GCA.001940655.1.protein	0	0	0	0	0	0	0	0	0	0
GB.GCA.001940665.1.protein	0	0	0	0	0	0	0	0	0	0
GB.GCA.002010305.1.protein	0	0	0	0	0	0	0	0	0	0
GB.GCA.002010665.1.protein	1	1	1	1	1	1	1	0	0	1
GB.GCA.002011165.1.protein	0	0	0	0	0	0	0	0	0	0
GB.GCA.002011735.1.protein	1	1	0	0	0	1	1	1	1	0
GB.GCA.002011745.1.protein	1	1	0	0	0	1	1	1	0	0
GB.GCA.002067865.1.protein	0	0	0	0	0	0	0	0	0	0
GB.GCA.002082305.1.protein	1	1	0	1	0	0	1	0	0	0
GB.GCA.002101225.1.protein	1	0	1	1	0	1	1	0	0	0
GB.GCA.002162095.1.protein	0	1	0	0	0	0	0	0	0	0
GB.GCA.002167825.1.protein	0	0	1	0	0	1	1	1	0	0
GB.GCA.002170535.1.protein	1	0	1	1	0	1	0	0	0	0
GB.GCA.002238855.1.protein	1	0	1	0	0	0	0	0	0	0
GB.GCA.002238925.1.protein	1	0	1	0	0	0	0	0	0	1
GB.GCA.002238965.1.protein	1	0	0	1	1	0	1	1	0	1
GB.GCA.002296285.1.protein	0	0	0	0	0	1	0	0	0	0
GB.GCA.002305165.1.protein	0	1	0	0	0	1	0	0	1	0
GB.GCA.002305585.1.protein	1	0	0	0	0	0	0	0	1	0
GB.GCA.002307015.1.protein	1	1	1	0	0	0	0	0	0	1
GB.GCA.002307725.1.protein	1	0	1	1	0	1	1	1	0	0
GB.GCA.002313895.1.protein	1	0	1	0	0	1	0	0	0	0
GB.GCA.002320815.1.protein	1	1	0	1	0	0	0	0	1	0
GB.GCA.002321895.1.protein	0	1	0	1	1	1	1	0	0	0
GB.GCA.002328865.1.protein	1	0	1	0	0	0	0	0	0	0
GB.GCA.002329125.1.protein	1	1	0	1	1	0	0	0	0	1
GB.GCA.002335945.1.protein	1	0	1	1	0	1	1	0	0	0
GB.GCA.002343185.1.protein	0	1	0	0	1	1	1	1	0	0
GB.GCA.002343455.1.protein	1	1	0	0	0	1	0	0	0	0
GB.GCA.002347855.1.protein	1	1	1	1	1	0	0	0	1	1
GB.GCA.002348585.1.protein	1	0	1	1	0	1	1	1	0	0
GB.GCA.002352645.1.protein	1	0	0	0	0	1	0	0	0	0
GB.GCA.002377645.1.protein	0	0	0	1	1	1	1	1	0	1
GB.GCA.002378645.1.protein	1	0	1	1	0	1	1	0	0	0
GB.GCA.002382445.1.protein	1	0	1	1	0	1	1	0	0	0
GB.GCA.002387605.1.protein	1	0	1	1	0	1	1	1	0	0
GB.GCA.002387735.1.protein	0	1	0	1	0	0	1	0	0	1
GB.GCA.002389385.1.protein	0	0	1	1	0	0	1	1	0	0
GB.GCA.002393195.1.protein	0	1	0	0	1	1	0	0	0	0
GB.GCA.002402325.1.protein	0	0	0	1	1	1	1	0	1	0
GB.GCA.002405835.1.protein	0	0	0	1	0	1	1	0	0	0
GB.GCA.002407935.1.protein	1	1	0	0	0	1	0	0	0	0
GB.GCA.002408385.1.protein	0	0	0	1	0	1	0	0	1	1
GB.GCA.002411145.1.protein	1	1	0	1	0	0	0	0	0	0
GB.GCA.002418265.1.protein	1	0	0	0	0	1	0	0	0	0
GB.GCA.002419025.1.protein	0	0	1	1	1	1	1	1	0	0
GB.GCA.002420425.1.protein	1	0	1	1	0	1	1	0	0	0
GB.GCA.002422425.1.protein	0	0	0	1	0	1	1	0	0	0
GB.GCA.002424475.1.protein	0	0	1	0	0	0	1	0	0	0
GB.GCA.002426575.1.protein	1	0	0	1	0	1	0	0	0	1
GB.GCA.002428055.1.protein	0	0	1	0	0	0	1	0	0	0
GB.GCA.002431715.1.protein	1	1	0	0	0	1	0	0	1	0
GB.GCA.002432945.1.protein	1	1	0	0	0	0	0	0	0	0
GB.GCA.002433485.1.protein	1	1	0	1	0	1	0	0	0	0
GB.GCA.002433595.1.protein	0	0	0	0	0	0	0	0	0	0
GB.GCA.002448475.1.protein	0	0	0	1	0	1	1	0	0	0
GB.GCA.002450905.1.protein	0	1	1	1	0	1	0	0	0	0
GB.GCA.002450985.1.protein	1	0	0	0	0	1	0	0	0	0
GB.GCA.002452515.1.protein	0	0	0	0	0	1	1	0	0	0
GB.GCA.002457745.1.protein	1	0	1	1	0	1	0	1	0	0
GB.GCA.002469845.1.protein	1	0	1	1	0	1	1	0	0	0
GB.GCA.002471705.1.protein	1	1	0	1	1	0	0	0	0	1
GB.GCA.002483345.1.protein	1	0	1	0	1	1	0	0	0	0
GB.GCA.002494645.1.protein	0	0	0	0	0	0	0	0	0	0
GB.GCA.002495315.1.protein	0	0	0	0	0	0	0	0	0	0
GB.GCA.002495905.1.protein	0	0	0	0	0	0	0	0	0	0
GB.GCA.002498725.1.protein	0	0	0	0	0	0	0	0	0	0
GB.GCA.002499005.1.protein	0	0	0	0	0	0	0	0	0	0
GB.GCA.002499195.1.protein	0	0	0	0	0	0	0	0	0	0
GB.GCA.002499525.1.protein	0	0	0	0	0	0	0	0	0	0
GB.GCA.002500505.1.protein	0	0	0	1	0	0	0	0	0	0
GB.GCA.002500605.1.protein	0	0	1	1	1	1	1	1	0	0
GB.GCA.002500665.1.protein	0	0	0	0	0	0	0	0	0	0
GB.GCA.002501105.1.protein	1	0	1	1	0	0	1	0	0	0
GB.GCA.002501805.1.protein	0	0	0	0	0	0	0	0	0	0
GB.GCA.002503285.1.protein	0	0	0	0	0	0	0	0	0	0
GB.GCA.002503845.1.protein	0	0	0	0	0	0	0	0	0	0
GB.GCA.002504905.1.protein	0	0	0	0	0	0	0	0	0	0
GB.GCA.002506515.1.protein	0	0	0	0	0	0	0	0	0	0
GB.GCA.002683655.1.protein	1	1	0	1	0	1	1	0	0	0
GB.GCA.002683785.1.protein	1	1	0	1	0	0	1	0	0	0
GB.GCA.002683825.1.protein	0	0	0	1	0	0	0	0	0	0
GB.GCA.002684655.1.protein	0	0	0	0	0	1	0	0	0	0
GB.GCA.002685535.1.protein	1	1	0	1	0	1	1	0	0	0
GB.GCA.002685965.1.protein	0	0	0	0	0	0	0	0	0	0
GB.GCA.002686265.1.protein	0	0	0	1	0	0	0	0	0	0
GB.GCA.002686595.1.protein	0	0	0	0	0	0	0	0	0	0
GB.GCA.002686945.1.protein	0	0	0	1	0	0	0	0	0	0
GB.GCA.002687745.1.protein	1	0	0	0	0	1	0	0	0	0
GB.GCA.002689995.1.protein	1	0	1	0	1	1	0	0	0	0
GB.GCA.002690655.1.protein	0	0	0	1	0	0	1	0	1	0
GB.GCA.002694385.1.protein	1	0	1	1	0	0	1	1	0	0
GB.GCA.002695035.1.protein	1	0	1	1	0	1	1	1	0	0
GB.GCA.002696685.1.protein	1	0	0	0	0	0	0	0	0	0
GB.GCA.002701785.1.protein	1	1	0	1	1	1	0	0	0	0
GB.GCA.002703645.1.protein	1	0	0	0	1	1	0	0	0	0
GB.GCA.002705055.1.protein	0	0	0	1	0	1	0	0	0	0
GB.GCA.002705575.1.protein	1	0	0	0	1	1	0	0	0	0
GB.GCA.002709075.1.protein	1	0	1	1	0	0	1	1	0	0
GB.GCA.002709955.1.protein	1	0	1	1	0	1	1	1	0	0
GB.GCA.002711005.1.protein	1	0	1	0	0	0	0	0	0	0
GB.GCA.002713325.1.protein	0	0	0	0	0	0	0	0	0	0
GB.GCA.002715505.1.protein	1	0	1	1	0	1	1	0	0	0
GB.GCA.002715765.1.protein	1	0	1	1	0	1	1	1	0	0
GB.GCA.002715965.1.protein	0	0	0	1	0	0	1	0	1	1
GB.GCA.002717465.1.protein	1	0	1	0	0	1	0	0	0	0
GB.GCA.002717625.1.protein	0	0	0	0	1	0	0	0	0	0
GB.GCA.002719675.1.protein	1	0	1	0	0	1	0	0	0	0
GB.GCA.002720095.2.protein	0	0	0	0	0	0	0	0	0	0
GB.GCA.002721445.1.protein	1	0	1	0	0	1	0	0	0	0
GB.GCA.002721815.1.protein	1	0	0	0	0	0	0	0	0	0
GB.GCA.002722135.1.protein	0	0	0	0	0	0	0	0	0	0
GB.GCA.002722645.1.protein	0	1	0	0	1	0	0	0	1	1
GB.GCA.002724635.1.protein	1	0	1	1	0	1	1	1	0	0
GB.GCA.002724735.1.protein	1	1	0	1	1	0	0	0	0	0
GB.GCA.002726945.1.protein	1	1	0	1	0	1	1	0	0	0
GB.GCA.002728195.1.protein	1	0	1	0	0	1	0	0	0	0
GB.GCA.002728275.1.protein	0	0	0	0	0	0	0	0	0	0
GB.GCA.002733715.1.protein	1	0	1	1	0	1	1	0	0	0
GB.GCA.002746235.1.protein	0	0	0	0	0	0	0	0	0	0
GB.GCA.002747975.1.protein	0	0	0	0	0	0	0	0	0	0
GB.GCA.002748355.1.protein	0	0	0	0	0	0	0	0	1	0
GB.GCA.002753135.1.protein	1	0	1	1	0	1	1	0	1	0
GB.GCA.002753225.1.protein	1	0	1	0	1	1	1	1	0	0
GB.GCA.002753335.1.protein	0	1	0	0	0	1	1	1	0	0
GB.GCA.002753565.1.protein	1	0	1	1	0	1	1	0	0	0
GB.GCA.002753665.1.protein	1	0	0	1	0	1	1	0	0	0
GB.GCA.002753745.1.protein	0	0	0	0	1	0	1	0	0	0
GB.GCA.002771475.1.protein	0	0	0	1	1	1	0	0	1	0
GB.GCA.002778785.1.protein	0	1	0	1	1	1	1	0	0	1
GB.GCA.002779605.1.protein	1	1	1	1	0	1	1	1	0	0
GB.GCA.002780005.1.protein	0	0	0	1	1	1	1	0	0	0
GB.GCA.002780205.1.protein	0	0	0	0	1	1	1	0	1	0
GB.GCA.002782605.1.protein	1	0	1	1	1	1	0	0	0	1
GB.GCA.002786715.1.protein	0	0	0	0	0	0	1	0	0	0
GB.GCA.002787095.1.protein	0	0	0	1	1	0	1	0	0	0
GB.GCA.002787155.1.protein	0	1	0	1	1	1	1	0	0	0
GB.GCA.002787235.1.protein	0	0	1	1	1	1	1	1	0	1
GB.GCA.002787535.1.protein	0	1	0	1	0	1	0	0	0	0
GB.GCA.002791545.1.protein	1	1	1	1	0	1	1	1	1	0
GB.GCA.002796125.1.protein	0	0	0	1	1	1	1	0	0	0
GB.GCA.002841695.1.protein	0	0	0	1	1	1	1	0	0	0
GB.GCA.002863065.1.protein	1	0	0	0	0	0	0	0	0	0
GB.GCA.002897675.1.protein	1	0	0	0	0	1	0	0	0	0
GB.GCA.002897855.1.protein	1	1	0	0	0	1	1	1	0	0
GB.GCA.002897915.1.protein	1	1	0	0	0	1	1	1	1	0
GB.GCA.002898395.1.protein	0	0	0	0	0	0	0	0	0	0
GB.GCA.002898535.1.protein	0	1	0	0	1	1	1	0	0	1
GB.GCA.002898555.1.protein	0	1	0	0	0	1	0	0	1	0
GB.GCA.002898575.1.protein	1	0	0	1	0	1	0	0	0	1
GB.GCA.002938255.1.protein	0	0	0	1	0	1	0	0	0	0
GB.GCA.003056285.1.protein	0	0	0	0	0	0	0	0	0	0
GB.GCA.003134215.1.protein	1	1	0	0	0	1	0	0	0	0
GB.GCA.003140235.1.protein	1	0	0	1	1	1	1	0	1	0
GB.GCA.003140895.1.protein	0	0	0	0	1	1	1	0	1	0
GB.GCA.003141555.1.protein	1	1	1	1	1	1	1	0	0	1
GB.GCA.003141835.1.protein	0	0	0	1	1	1	1	0	0	0
GB.GCA.003144275.1.protein	0	0	0	0	0	0	0	0	0	0
GB.GCA.003151475.1.protein	1	0	0	0	0	1	0	0	0	0
GB.GCA.003154195.1.protein	0	0	0	0	1	1	1	0	0	0
GB.GCA.003158455.1.protein	1	0	0	1	0	0	0	0	0	0
GB.GCA.003164925.1.protein	1	0	1	1	0	1	1	1	0	0
GB.GCA.003170595.1.protein	0	1	0	0	0	1	0	0	0	1
GB.GCA.003176995.1.protein	0	0	0	0	0	0	0	0	0	0
GB.GCA.003219345.1.protein	0	0	0	1	0	0	1	0	1	1
GB.GCA.003223145.1.protein	0	1	0	1	1	1	1	0	1	1
GB.GCA.003223555.1.protein	1	1	0	1	0	1	1	0	0	1
GB.GCA.003225315.1.protein	1	0	0	1	1	0	1	0	1	1
GB.GCA.003228195.2.protein	0	0	1	0	0	0	0	0	0	0
GB.GCA.003229375.1.protein	0	0	1	1	0	1	1	1	1	1
GB.GCA.003233235.1.protein	1	1	1	1	0	1	1	1	0	0
GB.GCA.003235715.1.protein	0	1	0	1	0	1	1	1	0	0
GB.GCA.003242085.1.protein	0	0	0	0	0	0	0	0	0	0
GB.GCA.003242475.1.protein	0	0	0	1	0	1	0	0	1	1
GB.GCA.003242515.1.protein	1	0	0	0	0	1	0	0	0	0
GB.GCA.003242895.1.protein	0	0	0	0	0	0	0	0	1	0
GB.GCA.003248505.1.protein	1	0	0	0	0	1	1	1	0	0
GB.GCA.003249035.1.protein	0	0	0	0	0	0	0	0	0	0
GB.GCA.003250975.1.protein	1	0	1	1	0	1	1	0	0	0
GB.GCA.003251535.1.protein	0	0	1	1	0	1	1	0	0	0
GB.GCA.003265885.1.protein	0	0	0	0	0	1	0	0	0	0
GB.GCA.003265975.1.protein	0	0	0	0	0	1	0	0	0	0
GB.GCA.003278095.1.protein	1	0	1	1	0	1	1	1	0	0
GB.GCA.003279655.1.protein	0	0	0	0	0	0	0	0	0	0
GB.GCA.003282865.1.protein	0	0	1	1	0	0	1	1	0	0
GB.GCA.003388545.1.protein	1	0	0	0	0	1	0	0	0	0
GB.GCA.003450915.1.protein	0	0	0	0	0	1	1	1	0	0
GB.GCA.003452935.1.protein	0	0	0	1	1	1	1	0	1	0
GB.GCA.003503675.1.protein	0	0	0	0	0	1	0	0	1	0
GB.GCA.003504275.1.protein	0	0	0	0	0	0	0	0	0	0
GB.GCA.003522725.1.protein	0	0	0	0	1	1	1	0	1	0
GB.GCA.003523055.1.protein	0	0	0	0	0	0	0	0	0	0
GB.GCA.003538775.1.protein	1	0	0	0	0	1	0	0	0	0
GB.GCA.003542955.1.protein	1	0	0	0	0	1	0	0	0	0
GB.GCA.003551435.1.protein	0	0	0	0	0	0	0	0	0	0
GB.GCA.003561815.1.protein	0	0	1	0	0	1	1	0	0	0
GB.GCA.003566475.1.protein	0	1	0	1	0	1	1	1	0	1
GB.GCA.003567475.1.protein	1	0	1	1	0	1	1	0	0	0
GB.GCA.003577165.1.protein	1	0	0	0	0	0	0	0	0	0
GB.GCA.003584625.1.protein	0	0	0	0	0	0	0	0	0	0
GB.GCA.003598135.1.protein	0	0	0	1	0	0	1	0	1	0
GB.GCA.003602415.1.protein	0	0	0	0	0	0	0	0	0	0
GB.GCA.003641555.1.protein	1	0	0	0	0	1	0	0	0	0
GB.GCA.003641695.1.protein	1	1	1	0	0	1	0	0	0	0
GB.GCA.003644445.1.protein	0	0	0	0	1	1	1	0	0	0
GB.GCA.003645805.1.protein	0	1	0	0	1	1	1	0	0	0
GB.GCA.003645825.1.protein	1	1	1	1	1	0	0	0	0	1
GB.GCA.003649445.1.protein	0	0	0	0	0	0	0	0	0	0
GB.GCA.003649495.1.protein	0	0	0	0	0	0	0	0	0	0
GB.GCA.003650445.1.protein	0	1	1	0	0	1	0	0	1	0
GB.GCA.003695005.1.protein	1	1	0	1	0	1	0	0	0	0
GB.GCA.003695015.1.protein	0	0	0	1	0	0	1	0	0	1
GB.GCA.003695705.1.protein	0	0	0	0	0	1	0	1	1	0
GB.GCA.003695915.1.protein	1	0	0	1	1	1	1	1	1	1
GB.GCA.003696625.1.protein	0	0	0	1	0	1	0	0	0	0
GB.GCA.003696905.1.protein	1	0	1	1	0	1	1	0	0	0
GB.GCA.003851245.1.protein	0	0	0	0	1	1	0	0	0	0
GB.GCA.003864475.1.protein	0	0	0	0	0	0	0	0	0	0
GB.GCA.003945285.1.protein	0	0	1	0	0	0	1	0	0	0
GB.GCA.003972855.1.protein	0	0	1	0	0	1	1	0	0	0
GB.GCA.003973265.1.protein	1	1	1	1	1	1	1	0	1	0
GB.GCA.004211905.1.protein	1	0	1	0	0	1	1	0	0	0
GB.GCA.004212075.1.protein	0	0	0	0	0	0	0	0	0	0
GB.GCA.004212095.1.protein	0	0	0	0	0	0	0	0	0	0
GB.GCA.004212155.1.protein	0	0	0	0	0	0	0	0	0	0
GB.GCA.004212735.1.protein	1	0	1	1	0	1	1	1	0	0
GB.GCA.004292595.1.protein	0	1	0	0	1	0	0	0	0	0
GB.GCA.004295045.1.protein	1	1	0	0	0	1	0	0	0	0
GB.GCA.004295085.1.protein	0	0	0	1	0	1	0	0	0	0
GB.GCA.004296785.1.protein	0	0	0	1	0	0	0	0	0	0
GB.GCA.004296885.1.protein	1	0	0	1	1	1	1	1	1	1
GB.GCA.004297235.1.protein	1	0	0	1	1	1	1	1	1	1
GB.GCA.004297265.1.protein	0	0	1	1	0	1	0	0	0	0
GB.GCA.004297825.1.protein	0	1	0	1	0	0	0	0	0	0
GB.GCA.004298335.1.protein	0	0	0	1	1	1	1	1	0	1
GB.GCA.004299485.1.protein	0	0	0	1	1	1	1	0	1	1
GB.GCA.004356105.1.protein	1	1	0	1	1	0	1	0	1	1
GB.GCA.004366205.1.protein	1	0	0	0	0	1	0	0	0	0
GB.GCA.004377275.1.protein	1	0	1	0	0	1	0	0	0	0
GB.GCA.004524535.1.protein	0	0	0	0	0	0	0	0	0	0
GB.GCA.004524545.1.protein	0	0	0	0	0	0	0	0	0	0
GB.GCA.004524565.1.protein	0	0	0	0	0	0	0	0	0	0
GB.GCA.005110385.1.protein	0	0	0	0	0	1	0	0	0	0
GB.GCA.005191415.1.protein	0	0	0	0	0	0	0	0	0	0
GB.GCA.005191425.1.protein	0	0	0	0	0	0	0	0	0	0
GB.GCA.005223145.1.protein	1	1	0	1	1	0	1	0	0	1
GB.GCA.005239925.1.protein	1	0	0	1	1	1	0	1	0	0
GB.GCA.005799545.1.protein	0	0	0	1	0	0	0	0	0	0
GB.GCA.005809105.1.protein	0	0	0	1	0	1	1	0	0	1
GB.GCA.005877075.1.protein	0	0	0	0	0	0	0	0	0	0
GB.GCA.005877225.1.protein	0	0	0	0	0	0	0	0	0	0
GB.GCA.005877775.1.protein	1	0	0	1	1	1	1	1	1	1
GB.GCA.005888735.1.protein	0	0	0	0	0	0	0	0	0	0
GB.GCA.006226565.1.protein	0	0	0	0	0	1	0	0	0	0
GB.GCA.007116075.1.protein	1	0	1	0	0	0	0	0	0	0
GB.GCA.007119395.1.protein	1	0	1	0	1	1	0	0	0	0
GB.GCA.007120035.1.protein	0	1	0	0	0	1	0	0	0	0
GB.GCA.007280335.1.protein	0	0	0	0	0	0	0	0	0	0
GB.GCA.013330055.1.protein	0	0	0	0	0	0	0	0	0	0
GB.GCA.900177045.1.protein	0	0	0	0	0	0	0	0	0	0
GB.GCA.900248165.1.protein	0	0	0	0	0	0	0	0	0	0
GB.GCA.900319235.1.protein	0	0	1	0	1	0	0	0	0	0
GB.GCA.900551585.1.protein	1	0	1	1	0	1	1	1	0	0
GCA.902515705.1.AG-325-E20.genomic	0	0	1	0	0	1	1	0	0	0
GCA.902535465.1.AG-349-D08.genomic	0	0	1	0	0	1	1	0	0	0
GCA.902538565.1.AG-899-G06.genomic	1	1	0	0	1	0	0	0	0	0
GCA.902555725.1.AG-390-D15.genomic	0	0	1	0	0	1	1	0	0	0
GCA.902567835.1.AG-414-E02.genomic	0	0	1	0	0	0	1	0	0	0
GCA.902569405.1.AG-414-L04.genomic	0	0	1	0	0	1	1	0	0	0
GCA.902570085.1.AG-414-N20.genomic	1	0	0	0	0	0	0	0	0	0
GCA.902574695.1.AG-422-N15.genomic	0	0	1	0	0	1	0	0	0	0
GCA.902576855.1.AG-426-E17.genomic	0	0	1	0	0	1	1	0	0	0
GCA.902578465.1.AG-426-M11.genomic	1	0	1	0	0	1	0	0	0	0
GCA.902579985.1.AG-430-B09.genomic	0	0	1	0	0	1	1	0	0	0
GCA.902582615.1.AG-912-C22.genomic	0	0	1	1	0	1	1	0	0	0
GCA.902583075.1.AG-912-G22.genomic	0	0	1	0	0	1	1	0	0	0
GCA.902588795.1.AG-439-D18.genomic	0	0	1	0	0	0	0	0	0	0
GCA.902592435.1.AG-447-C19.genomic	0	0	0	0	0	0	0	0	0	0
GCA.902593675.1.AG-447-I15.genomic	1	0	1	1	0	1	0	0	0	0
GCA.902594515.1.AG-447-K20.genomic	1	0	1	1	0	1	0	0	0	0
GCA.902594855.1.AG-915-K19.genomic	0	0	1	1	0	1	1	0	0	0
GCA.902600705.1.AG-917-C02.genomic	1	0	1	1	0	1	0	0	0	0
GCA.902605865.1.AG-461-L09.genomic	0	0	1	0	0	1	0	0	0	0
GCA.902609855.1.AG-917-K20.genomic	0	0	1	0	0	1	1	0	0	0
GCA.902615915.1.AG-892-A09.genomic	0	1	0	0	1	1	0	0	0	0
GCA.902616715.1.AG-892-C21.genomic	0	0	0	1	0	1	1	0	0	0
GCA.902617415.1.AG-892-F15.genomic	0	0	1	0	0	1	1	0	0	0
GCA.902619615.1.AG-892-O07.genomic	1	0	1	1	0	1	1	1	0	0
GCA.902623995.1.AG-893-P05.genomic	1	0	1	1	0	1	1	1	0	0
GCA.902625215.1.AH-287-L13.genomic	1	0	1	1	0	1	1	1	0	0
GCA.902625725.1.AH-287-O21.genomic	1	0	1	1	0	1	1	1	0	0
GCA.902629855.1.AH-324-M03.genomic	1	1	0	0	1	0	0	0	0	0
RS.GCF.000007125.1.protein	1	0	1	1	0	1	1	0	0	0
RS.GCF.000010065.1.protein	0	0	0	0	0	0	0	0	0	0
RS.GCF.000010325.1.protein	0	0	1	0	0	0	1	0	0	0
RS.GCF.000011185.1.protein	0	0	0	0	0	0	0	0	0	0
RS.GCF.000011205.1.protein	0	0	0	0	0	0	0	0	0	0
RS.GCF.000011385.1.protein	0	0	0	0	0	0	0	0	0	0
RS.GCF.000011485.1.protein	0	0	0	0	0	0	0	0	0	0
RS.GCF.000011705.1.protein	1	0	1	1	0	1	1	0	0	0
RS.GCF.000012465.1.protein	0	0	0	0	0	0	0	0	0	0
RS.GCF.000012625.1.protein	0	0	0	0	0	0	0	0	0	0
RS.GCF.000012645.1.protein	0	0	0	0	0	0	0	0	0	0
RS.GCF.000012885.1.protein	1	1	1	1	1	1	1	1	0	0
RS.GCF.000013205.1.protein	0	0	0	0	0	0	0	0	0	1
RS.GCF.000014045.1.protein	1	0	1	1	0	1	1	1	0	0
RS.GCF.000014145.1.protein	0	0	1	0	1	1	0	0	0	0
RS.GCF.000014265.1.protein	0	0	0	0	0	0	0	0	0	0
RS.GCF.000014585.1.protein	0	0	0	0	0	0	0	0	0	0
RS.GCF.000015665.1.protein	0	0	0	0	0	0	0	0	0	0
RS.GCF.000015965.1.protein	0	0	0	0	0	0	0	0	0	0
RS.GCF.000017685.1.protein	0	1	0	1	0	1	0	0	0	0
RS.GCF.000017845.1.protein	0	0	0	0	0	0	0	0	0	0
RS.GCF.000017945.1.protein	0	0	0	0	0	0	0	0	0	0
RS.GCF.000018065.1.protein	0	0	0	0	0	0	0	0	0	0
RS.GCF.000018485.1.protein	0	0	0	0	0	0	0	0	0	0
RS.GCF.000018585.1.protein	0	0	0	0	0	0	0	0	0	0
RS.GCF.000020785.1.protein	0	0	0	0	0	1	1	1	0	0
RS.GCF.000020985.1.protein	0	1	0	0	0	1	1	1	0	0
RS.GCF.000021545.1.protein	0	0	0	0	0	1	1	1	0	0
RS.GCF.000021725.1.protein	0	0	1	0	0	1	1	0	0	0
RS.GCF.000021965.1.protein	0	0	0	0	0	0	0	0	0	0
RS.GCF.000022145.1.protein	0	0	0	1	0	1	0	0	1	0
RS.GCF.000024465.1.protein	1	0	1	1	0	1	1	1	0	0
RS.GCF.000024885.1.protein	0	0	1	0	0	0	1	0	0	0
RS.GCF.000025505.1.protein	0	0	0	0	0	0	0	0	0	0
RS.GCF.000025525.1.protein	0	0	0	0	0	0	0	0	0	0
RS.GCF.000025665.1.protein	0	0	0	0	0	0	0	0	0	0
RS.GCF.000025885.1.protein	1	1	0	0	0	1	0	0	0	0
RS.GCF.000063445.1.protein	0	0	0	0	0	0	0	0	0	0
RS.GCF.000063505.1.protein	0	0	0	0	0	0	0	0	0	0
RS.GCF.000092185.1.protein	0	0	0	0	0	0	0	0	0	0
RS.GCF.000092205.1.protein	0	1	0	1	0	1	1	1	0	0
RS.GCF.000147355.1.protein	0	0	1	0	0	0	1	0	0	0
RS.GCF.000152965.1.protein	1	0	1	1	0	1	1	1	0	0
RS.GCF.000153805.1.protein	0	0	0	0	0	0	0	0	0	0
RS.GCF.000153825.1.protein	0	0	0	0	0	0	0	0	0	0
RS.GCF.000166095.1.protein	0	0	0	0	0	0	0	0	0	0
RS.GCF.000167195.1.protein	0	0	0	0	0	0	0	0	0	0
RS.GCF.000169335.1.protein	0	0	0	0	0	0	0	0	0	0
RS.GCF.000170875.1.protein	1	0	1	1	0	1	1	1	0	0
RS.GCF.000174435.1.protein	0	1	1	0	0	1	1	0	0	0
RS.GCF.000175575.2.protein	0	0	1	0	0	1	1	1	0	0
RS.GCF.000184705.1.protein	0	1	0	0	0	1	0	0	0	0
RS.GCF.000190435.1.protein	1	0	0	0	0	1	0	0	0	0
RS.GCF.000195295.1.protein	1	1	1	1	0	1	1	1	0	1
RS.GCF.000195975.1.protein	0	0	0	0	0	0	0	0	0	0
RS.GCF.000196815.1.protein	1	0	0	1	1	1	1	1	1	1
RS.GCF.000204255.1.protein	0	0	0	0	0	1	0	0	0	0
RS.GCF.000213255.1.protein	1	1	0	1	0	1	0	0	0	1
RS.GCF.000217795.1.protein	1	1	1	1	0	1	1	1	0	0
RS.GCF.000219725.1.protein	1	1	1	0	0	1	0	0	0	0
RS.GCF.000220175.1.protein	0	0	0	0	0	0	0	0	0	0
RS.GCF.000223395.1.protein	0	0	0	0	0	0	0	0	0	0
RS.GCF.000230735.2.protein	0	0	0	0	0	0	0	0	0	0
RS.GCF.000233775.1.protein	1	1	0	0	0	1	0	0	0	0
RS.GCF.000235565.1.protein	0	0	0	1	0	0	0	0	0	0
RS.GCF.000237805.1.protein	1	1	0	0	0	1	0	0	0	0
RS.GCF.000238815.1.protein	1	0	1	1	0	1	1	1	0	0
RS.GCF.000243335.1.protein	0	0	0	1	0	1	0	0	0	0
RS.GCF.000259255.1.protein	0	0	1	0	0	0	1	0	0	0
RS.GCF.000275825.1.protein	0	1	0	0	1	1	0	0	0	0
RS.GCF.000283655.1.protein	1	0	1	1	0	1	1	1	0	0
RS.GCF.000297215.2.protein	1	0	1	0	0	1	1	0	0	0
RS.GCF.000299235.1.protein	0	1	0	1	0	1	1	1	0	0
RS.GCF.000313915.1.protein	1	0	0	0	0	1	0	0	0	0
RS.GCF.000316515.1.protein	0	0	0	0	0	0	0	0	0	0
RS.GCF.000317635.1.protein	0	0	0	0	0	0	0	0	0	0
RS.GCF.000332035.1.protein	0	0	0	0	0	0	0	0	0	0
RS.GCF.000334895.1.protein	0	0	0	0	0	0	0	0	0	0
RS.GCF.000341545.2.protein	0	0	1	1	1	1	1	0	0	1
RS.GCF.000378205.1.protein	1	1	1	0	0	1	0	0	0	0
RS.GCF.000392875.1.protein	1	0	0	1	0	1	0	0	0	0
RS.GCF.000404225.1.protein	0	0	0	0	0	0	0	0	0	0
RS.GCF.000428885.1.protein	0	0	0	1	0	1	0	0	0	0
RS.GCF.000430505.1.protein	1	0	0	0	1	1	0	0	0	0
RS.GCF.000472805.1.protein	1	0	1	1	1	1	1	1	1	0
RS.GCF.000504085.1.protein	1	0	0	0	0	1	0	0	0	0
RS.GCF.000504225.1.protein	0	0	1	0	0	1	1	0	0	0
RS.GCF.000511875.1.protein	1	0	1	1	0	1	1	0	0	0
RS.GCF.000517565.1.protein	0	0	0	0	0	1	1	1	0	0
RS.GCF.000526375.1.protein	1	1	0	0	0	1	0	0	0	0
RS.GCF.000621445.1.protein	1	1	0	1	0	1	0	0	1	0
RS.GCF.000685155.1.protein	0	0	0	1	0	0	0	0	0	0
RS.GCF.000698785.1.protein	0	0	0	0	0	0	0	0	0	0
RS.GCF.000701365.1.protein	1	0	0	0	0	1	0	0	0	0
RS.GCF.000701385.1.protein	0	0	1	0	0	1	1	0	0	0
RS.GCF.000737595.1.protein	0	0	0	0	0	0	0	0	0	0
RS.GCF.000744415.1.protein	1	1	1	1	0	1	1	1	1	0
RS.GCF.000745455.1.protein	1	0	0	0	0	1	0	0	0	0
RS.GCF.000758165.1.protein	0	1	1	0	0	0	0	0	0	0
RS.GCF.000772705.2.protein	1	0	1	1	0	1	1	0	0	0
RS.GCF.000798955.1.protein	0	0	0	1	0	1	0	0	0	0
RS.GCF.000828575.1.protein	0	0	0	0	0	0	0	0	0	0
RS.GCF.000828835.1.protein	1	0	1	0	0	1	1	0	0	0
RS.GCF.000949295.1.protein	1	0	0	0	0	0	0	0	0	0
RS.GCF.000953715.1.protein	1	0	0	0	0	1	0	0	0	0
RS.GCF.000956175.1.protein	0	0	0	0	0	0	0	0	0	0
RS.GCF.001017655.1.protein	0	1	0	1	0	1	1	0	0	1
RS.GCF.001179925.1.protein	0	0	1	0	0	1	1	0	0	0
RS.GCF.001180105.1.protein	0	0	1	0	0	0	1	0	0	0
RS.GCF.001457615.1.protein	1	0	1	1	0	1	1	0	0	0
RS.GCF.001458695.1.protein	1	0	0	1	1	1	1	1	1	1
RS.GCF.001458735.1.protein	1	0	0	1	1	1	1	1	1	1
RS.GCF.001458775.1.protein	0	0	0	1	1	1	1	1	1	1
RS.GCF.001535965.1.protein	1	1	1	0	1	1	0	0	1	0
RS.GCF.001558495.2.protein	1	0	1	1	0	1	1	0	0	0
RS.GCF.001571405.1.protein	0	0	0	0	0	0	0	0	0	0
RS.GCF.001611675.1.protein	0	0	1	0	1	1	0	0	0	0
RS.GCF.001660485.1.protein	1	0	0	0	0	0	0	0	0	0
RS.GCF.001701045.1.protein	1	1	1	0	0	1	0	0	0	0
RS.GCF.001748245.1.protein	0	1	0	0	0	1	0	0	0	1
RS.GCF.001870905.1.protein	0	0	0	0	0	0	0	0	0	0
RS.GCF.001931505.1.protein	1	1	0	1	0	0	0	0	0	0
RS.GCF.001939115.1.protein	0	0	0	0	0	0	0	0	0	0
RS.GCF.001990485.1.protein	1	0	0	0	0	1	0	0	0	0
RS.GCF.002109495.1.protein	1	0	1	1	0	1	1	0	1	0
RS.GCF.002208115.1.protein	0	1	0	1	1	0	1	0	0	1
RS.GCF.002211785.1.protein	1	0	0	0	0	1	1	0	0	0
RS.GCF.002355835.1.protein	0	0	0	1	1	1	0	0	0	0
RS.GCF.002723915.1.protein	1	0	1	1	0	1	1	1	0	0
RS.GCF.002752635.1.protein	1	0	0	0	0	1	0	0	0	0
RS.GCF.002754935.1.protein	0	0	0	0	0	0	0	0	0	0
RS.GCF.002761215.1.protein	0	0	0	0	0	0	0	0	0	0
RS.GCF.002787055.1.protein	0	0	0	0	0	0	0	0	0	0
RS.GCF.002874775.1.protein	1	0	0	1	0	1	0	0	0	0
RS.GCF.002926165.1.protein	1	0	0	0	0	1	0	0	0	0
RS.GCF.002973605.1.protein	0	0	0	0	0	1	0	0	0	0
RS.GCF.003003925.1.protein	0	0	0	0	0	0	0	0	0	0
RS.GCF.003011125.1.protein	0	0	0	0	0	0	0	0	0	0
RS.GCF.003011885.1.protein	0	0	0	0	0	0	0	0	0	0
RS.GCF.003173035.1.protein	1	0	1	1	0	1	1	1	0	0
RS.GCF.003175215.1.protein	0	0	0	0	0	0	0	0	0	0
RS.GCF.003285105.1.protein	1	1	1	0	1	1	0	0	0	0
RS.GCF.003333315.1.protein	1	0	1	1	0	1	1	0	0	0
RS.GCF.003353065.1.protein	0	1	1	0	1	0	0	0	0	0
RS.GCF.003386795.1.protein	1	0	0	0	0	1	0	0	0	0
RS.GCF.003460745.1.protein	1	0	0	1	0	1	0	0	0	0
RS.GCF.003589585.1.protein	0	0	0	0	0	0	0	0	0	0
RS.GCF.003633715.1.protein	0	1	0	0	0	1	1	1	0	0
RS.GCF.003664005.1.protein	0	0	0	0	0	1	1	1	0	0
RS.GCF.003665155.1.protein	1	1	1	1	0	1	1	1	1	0
RS.GCF.003815035.1.protein	1	0	0	0	0	1	0	0	0	0
RS.GCF.004001325.1.protein	1	0	0	0	0	1	1	0	0	0
RS.GCF.004209775.1.protein	0	0	0	0	0	0	0	0	0	0
RS.GCF.004217665.1.protein	1	0	1	0	0	1	1	0	1	0
RS.GCF.004364935.1.protein	1	0	1	1	0	1	1	0	0	0
RS.GCF.004684205.1.protein	1	0	1	1	0	1	1	0	0	0
RS.GCF.005818865.1.protein	1	1	1	1	0	1	1	1	0	0
RS.GCF.005887615.1.protein	1	0	1	1	0	1	1	1	0	0
RS.GCF.006274605.1.protein	0	0	0	0	0	0	0	0	0	0
RS.GCF.900100655.1.protein	0	0	1	1	0	1	1	1	0	0
RS.GCF.900102465.1.protein	1	0	1	1	0	1	1	1	0	0
RS.GCF.900129645.1.protein	1	1	0	0	0	1	0	0	0	0
RS.GCF.900142125.1.protein	1	1	1	0	1	1	1	1	0	0
RS.GCF.900142285.1.protein	1	1	0	1	0	1	0	0	0	0
RS.GCF.900167005.1.protein	0	0	0	1	0	1	0	0	0	0
RS.GCF.900175965.1.protein	1	0	0	0	0	1	0	0	0	0
RS.GCF.900176435.1.protein	0	0	0	0	0	0	0	0	0	0
RS.GCF.900180345.1.protein	1	0	0	1	0	1	1	0	0	0
RS.GCF.900187115.1.protein	0	0	1	0	0	0	1	0	0	0
RS.GCF.900215575.1.protein	0	0	0	0	0	0	0	0	0	0
RS.GCF.900474085.1.protein	0	0	0	0	0	0	0	0	0	0
RS.GCF.900637395.1.protein	0	0	1	0	0	0	1	0	0	0
